,Total Return,Sharpe,Sortino,Calmar,Max Drawdown,Win Rate,Profit Factor,Total Trades,Avg Trade Duration (min)
Train,1647.7700008543143,3.5691011698321606,14.136754855905528,0.4103514194767428,-4015.509445429623,0.28798185941043086,1.0817892886856548,441,457.0861678004535
Test,5083.458836295871,19.749278564706636,110.52499754409331,6.448380200749277,-788.3311278241927,0.3372093023255814,1.5458974528849612,172,422.8488372093023
